InvoiceDate,InvoiceNo,TotalPay
326,10,0.0
2,910,21550.0
75,155,8986.2
19,365,8787.75
310,85,1672.0
36,475,7727.05
204,20,445.0
232,290,5397.0
214,65,2297.0
23,295,14057.15
33,655,31038.350000000002
2,95,5840.3
8,1270,31227.65
52,645,13310.3
287,50,949.5
3,1370,25772.9
110,115,2760.0
8,425,6565.5
291,115,1603.45
4,55,844.5
51,835,17728.45
45,315,9439.8
72,260,6490.2
311,70,1823.0
25,165,3714.65
3,90,2277.1
315,385,8140.6
130,1095,20043.1
82,205,4251.45
22,525,13602.800000000001
5,455,9019.8
185,500,9196.55
29,150,2830.8
338,50,2009.5
16,500,13903.300000000001
80,160,2749.2000000000003
22,500,2304.45
72,320,7913.0
64,135,6362.4
16,795,14991.4
36,630,12049.5
46,425,8178.3
119,295,5543.25
303,25,421.5
323,55,1128.0
50,30,2048.5
149,270,8551.95
22,540,16403.75
50,385,8540.6
33,565,14212.85
79,570,55284.65
301,140,3405.4
75,305,6134.400000000001
67,200,3470.75
217,90,2812.05
24,3890,618627.25
3,990,17894.0
113,170,3342.9
64,145,3001.95
16,230,4031.35
96,195,4017.8
1,630,9245.55
163,150,8804.800000000001
78,180,3886.0
195,150,2913.65
12,175,3541.85
26,1500,39386.0
9,485,18752.0
43,55,1282.0
36,1200,32081.95
43,540,25296.600000000002
1,2100,66879.35
85,270,3825.9500000000003
80,180,39149.450000000004
100,80,2545.05
2,1005,24483.3
14,490,14534.25
367,55,867.75
3,60,860.3
21,885,25027.3
22,20,667.0
58,290,5011.55
243,130,2382.45
44,110,2247.25
22,955,20336.45
156,40,989.4
11,1775,44667.6
17,115,2142.85
134,215,3535.45
53,150,5.115907697472721e-13
73,450,12334.3
44,645,15769.45
58,340,9588.9
71,190,4737.0
94,175,4134.400000000001
2,360,5620.05
46,440,6518.15
10,145,6060.25
8,255,3669.45
143,200,3620.2000000000003
2,2655,93704.59999999999
31,1955,31147.4
29,895,14241.15
17,2285,35582.35
54,180,3616.9
1,1320,32732.9
23,1540,65585.05
4,180,3404.9500000000003
4,175,2386.5
28,770,16408.15
23,1090,27954.3
17,405,11635.65
33,1750,22476.35
10,275,6493.3
336,75,1674.65
5,1225,27089.65
39,130,2302.0
63,100,1316.05
166,115,2083.95
10,420,5696.75
82,70,5215.5
21,115,2018.5
23,325,21031.35
315,800,10448.4
96,735,18619.35
338,5,-5630.0
18,75,570.0
301,5,-22.5
233,115,367.5
134,115,6290.3
26,345,1991.35
284,35,882.5
143,165,4912.85
66,170,690.15
85,180,2933.95
267,255,5088.4
353,80,1918.5
78,130,6560.3
28,1430,12324.45
1,620,10284.45
64,90,1704.2
79,775,12912.55
143,190,2998.4
39,60,963.6
2,550,8727.85
9,720,22428.6
1,355,6583.3
82,90,1743.5500000000002
9,475,9611.4
60,340,8118.150000000001
15,85,626.1
30,80,1749.15
131,315,5445.9
92,170,3581.75
8,1365,20534.1
29,105,1819.75
22,1370,19262.5
20,2405,66545.2
30,260,4905.9
30,100,1778.5
75,250,5001.95
47,350,5707.5
198,40,1039.0
166,25,476.0
79,285,4824.15
358,50,840.0
39,100,2189.1
8,980,18261.25
50,605,3018.55
16,165,59954.8
2,110,1.0658141036401503e-14
311,110,2681.05
5,555,10506.95
303,80,1194.25
8,840,18908.7
261,105,2284.5
282,50,655.85
73,100,1733.5
23,2315,45574.7
2,955,20324.95
40,170,2598.05
9,310,5023.6
227,140,802.7
316,55,1092.25
36,445,6534.9
35,740,2977.0
21,600,13766.800000000001
73,155,2053.6
247,120,2078.5
40,75,988.55
239,110,2556.8
3,1255,35936.7
4,630,9469.75
234,485,9914.05
17,60,899.7
8,20,720.0
39,50,1074.5
29,175,3233.4
190,350,49306.9
317,130,2264.25
92,90,2188.0
109,105,2090.5
38,595,16601.1
51,135,3091.35
19,1070,18415.65
10,665,15013.4
29,310,5162.9
29,325,12905.2
190,145,2847.8
59,60,765.6
22,15,3695.9999999999995
79,80,1270.9
365,15,-37.5
58,1010,3.552713678800501e-15
78,300,5634.25
23,555,10289.95
52,325,5966.6
58,105,3217.9500000000003
31,815,16094.9
278,100,1578.0
2,525,11455.95
85,180,3286.25
29,210,1777.65
22,55,886.55
16,475,16074.05
15,460,6697.05
2,2370,68060.35
232,55,900.5
276,90,1525.5
106,190,3205.65
212,455,13071.6
23,1535,31941.75
11,1150,22392.65
4,215,3848.05
10,320,6354.400000000001
57,155,3202.5
59,515,10703.15
90,505,8445.9
67,1970,29766.25
33,195,3358.45
239,110,2430.5
24,265,5872.9
115,50,929.5
25,235,5066.3
128,120,16723.2
130,155,2389.55
34,370,8776.9
5,225,6734.85
22,640,18349.6
155,105,1590.25
107,165,3018.55
3,100,1572.2
335,45,570.0
322,255,4572.65
149,215,11049.25
11,190,3009.9
17,650,19913.6
11,280,5760.3
19,180,3430.25
30,25,458.40000000000003
11,65,1225.5
1,1160,19085.4
8,190,24319.4
325,20,308.75
359,10,-1137.2
58,165,3100.65
7,840,18715.9
151,510,8038.65
10,470,14930.75
330,50,1129.5
5,210,3052.6
12,455,9596.55
25,225,6656.95
42,835,87941.3
52,280,5293.35
1,260,4314.05
15,3230,68387.95
4,2625,61441.1
4,1810,41105.45
8,525,11418.15
28,785,14315.4
372,35,445.7
114,855,24369.05
26,360,6238.05
206,80,1945.05
28,160,5179.0
121,205,4154.8
70,185,4348.35
7,135,2910.5
21,215,4695.1
8,1350,24339.95
80,265,3988.55
20,60,1095.0
64,110,1373.5
7,450,11104.2
15,1740,34071.2
292,165,3017.1
30,870,13081.6
3,1285,46470.5
97,395,5652.85
23,710,21208.15
1,190,4242.75
9,1295,23544.3
106,105,1769.3
4,345,5267.45
151,280,4904.9
71,95,1191.25
5,210,3040.5
3,1795,28566.4
32,820,13144.9
85,285,4521.65
4,345,3625.35
5,265,5157.05
371,120,2139.0
28,620,13045.5
11,705,19738.5
71,230,4181.65
114,130,2265.05
24,1385,93967.05
180,60,1181.3
234,110,1919.75
353,20,552.0
315,215,3897.85
333,20,1170.0
372,55,776.75
78,190,5065.2
64,135,2138.0
134,670,2732.15
52,1145,45601.950000000004
2,515,20980.05
1,23210,145360.5
4,1155,19341.0
129,75,1379.4
81,265,21833.9
4,1150,105120.05
236,325,14745.599999999999
250,30,11016.0
87,20,560.4
16,1885,21138.5
117,485,13957.95
52,475,7657.2
8,345,9492.6
138,90,2470.4
317,225,8469.4
4,1550,34948.15
239,160,5718.0
211,60,6757.25
60,275,4462.349999999999
17,335,6756.2
20,255,4021.15
21,795,19343.5
21,150,3538.6
5,535,11366.6
2,430,8019.35
9,295,2872.1
3,75,1528.55
10,100,2318.3
65,20,459.25
192,105,1624.6000000000001
374,10,963.0000000000001
257,125,2002.6999999999998
335,120,2727.4
53,225,4302.05
19,70,2152.4
360,85,970.9
10,40,34885.2
184,130,2062.9
37,140,2418.25
168,130,2421.8
261,155,2574.25
45,75,1148.2
102,10,629.6
148,235,5317.3
96,145,2861.0
281,20,830.2
178,80,7589.400000000001
3,295,4711.7
214,30,463.6
71,235,4594.900000000001
75,25,8797.5
60,125,1985.6
3,470,7340.6
6,125,2150.75
3,280,5093.55
322,60,1265.25
38,195,33742.0
262,45,1075.25
32,135,1915.15
145,120,2086.9
283,90,1561.9
59,875,13064.300000000001
173,60,670.5
34,615,3415.65
3,1580,27918.1
144,580,13571.35
5,2195,19382.0
70,170,5594.95
66,540,8403.8
29,260,1629.8
267,135,1770.4499999999998
22,455,4357.7
31,255,5254.45
97,250,675.9
290,100,1498.75
108,420,9408.5
79,575,6445.75
373,15,190.5
8,1585,10813.4
211,230,5532.0
52,30,2521.0
138,15,735.5999999999999
26,480,7740.35
283,130,2795.6
26,2755,19931.1
186,535,8035.3
366,10,-74.5
84,55,1903.1999999999998
327,330,2999.85
282,20,1870.0
143,10,1716.1500000000003
58,425,11090.1
4,770,7678.85
18,245,4208.2
45,60,2762.85
276,35,1490.0
9,65,7315.2
25,210,3517.3500000000004
88,35,1545.25
63,360,5791.35
68,430,6755.45
214,35,1568.85
24,410,1902.35
186,15,1655.0000000000002
31,170,940.7
42,120,1736.5
205,20,1082.5
9,625,81465.5
265,50,693.4
18,360,2547.9
12,315,14599.05
59,20,1230.0
40,480,10644.15
23,375,15375.2
3,120,8311.5
5,250,12418.15
149,110,1818.25
139,545,14911.75
128,10,2970.0
8,260,6507.2
17,140,821.15
4,3705,81948.7
161,140,2026.9
64,145,884.85
88,155,4649.75
5,225,3470.25
35,420,10313.5
122,45,525.5
78,135,2049.5
22,510,167314.05
24,535,3031.4
2,650,10782.25
17,315,5064.5
15,600,7521.35
26,45,570.6999999999999
64,235,57909.0
46,515,4381.45
131,375,3419.5
301,5,-18.75
36,150,3022.55
288,115,2314.75
144,515,7036.45
16,590,10268.5
31,1095,20715.1
2,115,9215.0
9,325,5210.35
6,400,6914.2
10,85,1649.25
1,915,23671.3
306,95,540.35
4,1220,19895.2
7,80,1331.95
8,480,9205.15
89,545,3859.55
10,50,800.9000000000001
3,165,5973.75
112,25,679.75
7,755,2261.2
4,1540,54651.3
198,40,724.0
212,110,3693.0
156,45,196.2
156,120,35460.3
30,100,1861.1
240,170,1886.0
19,20,487.5
1,390,6078.1
74,150,2725.0
292,460,2676.6
3,340,34272.55
31,65,2047.5
23,155,2518.8
23,135,2073.8
4,365,4511.1
78,25,1003.6
22,335,5989.7
196,140,2279.4
107,155,2674.25
4,1710,48989.6
318,35,604.75
106,30,745.25
12,2045,28067.15
174,145,2344.75
56,20,407.85
323,75,892.3499999999999
372,15,252.75000000000003
9,535,6558.1
1,1110,23934.95
3,620,16827.15
53,880,16731.4
73,235,3949.45
7,5,1020.0
16,2295,36363.75
4,670,12922.0
64,200,3449.5
1,215,4680.75
114,130,34560.0
23,235,3298.4
31,50,6237.5
11,495,3997.4
39,375,4982.6
357,55,952.75
55,185,3213.85
58,150,4433.15
138,240,4405.35
80,140,4542.3
9,215,3384.9500000000003
254,70,2357.85
291,165,2802.35
99,90,1526.4
31,175,3146.55
32,980,15395.5
14,685,9029.55
64,70,3283.4
9,2110,28423.05
212,90,1740.75
64,390,6009.8
25,40,1357.0
250,40,917.0
254,75,1537.65
72,50,1243.05
191,55,1734.8999999999999
13,345,5597.45
373,70,1029.3
24,245,2154.5
82,75,577.3
10,10,1720.0
1,2350,18589.1
192,45,1144.0
267,35,885.7500000000001
130,110,4598.05
1,560,3646.35
1,1900,62161.4
4,30,1100.5
179,30,290.4
1,5305,139822.4
126,375,17977.4
4,90,1518.75
158,145,1361.9
3,9285,286929.4
9,805,43446.95
21,120,1599.1
71,130,2299.15
267,850,38707.35
21,150,8544.300000000001
71,30,372.0
33,2185,29466.600000000002
1,3025,143294.4
99,5,1036.8
234,40,505.95000000000005
1,1550,31681.45
40,40,1219.7
3,100,5492.4
129,10,297.5
44,300,7620.35
373,50,1750.3
3,250,3834.2000000000003
31,730,7264.35
1,1400,52550.0
9,660,11028.15
117,155,2425.95
22,380,4924.55
20,410,5625.0
239,5,153.0
269,265,1273.6499999999999
94,275,4611.95
90,1175,19331.65
5,710,10281.45
78,75,1295.8500000000001
94,10,320.0
23,230,5196.5
262,15,386.5
274,35,549.0
73,525,8703.15
197,5,15480.0
50,695,12726.9
11,3525,18025.4
22,315,4811.95
16,870,25278.95
108,230,2118.6
85,680,11929.0
19,115,1535.45
333,15,554.75
40,35,3073.8500000000004
26,85,1144.55
10,20,3564.0000000000005
29,1735,16742.4
14,430,8380.3
203,375,6251.85
6,75,2431.1000000000004
144,5,-3059.3
33,425,4858.8
49,445,8607.85
95,395,6005.3
9,610,6898.75
22,20,459.0
313,40,563.75
122,410,8224.95
46,210,5107.4
282,210,2073.5
19,325,3956.65
36,665,6550.7
64,65,3564.4
27,160,580.05
8,240,2134.05
4,215,1768.25
16,1570,14085.15
46,360,2464.2
65,85,1412.25
26,1325,28627.350000000002
45,55,605.9
8,470,19788.9
15,915,8243.95
268,5,357.0
40,420,7698.450000000001
337,185,1180.1
11,10,573.0
19,145,1303.3999999999999
95,315,4559.7
61,145,589.4
136,15,303.5
11,550,8988.9
10,1145,16920.45
4,600,49019.8
19,230,4350.45
10,285,4347.3
15,40,1251.3000000000002
59,750,6029.5
30,1645,29100.8
94,110,1767.4
10,280,5987.1
9,715,3902.9
57,460,7592.150000000001
268,25,1668.7
122,35,668.1
127,25,313.2
78,105,4096.45
240,330,4237.05
200,25,816.0000000000001
60,545,10754.25
3,170,30415.2
273,80,541.05
202,45,1288.5
81,10,1790.0
226,50,804.75
4,3060,13817.05
13,1035,6788.0
74,215,3025.6
212,295,505.85000000000036
25,195,3636.35
11,160,3404.15
262,110,1647.8
96,335,3318.25
112,65,1352.0
203,290,3000.35
93,135,608.7
51,80,2152.5
18,715,9610.5
18,125,2505.6
125,130,2328.4
92,115,3557.05
157,180,5152.0
4,70,1953.3
14,5,0.0
12,190,3492.9
62,435,1461.6
61,40,2788.1
269,45,4720.5
263,55,1001.45
1,8385,37270.35
53,455,10538.300000000001
11,1010,18588.35
3,1120,22022.2
18,2235,15838.2
1,1600,26579.6
366,5,2950.0
37,505,891.3
31,75,1382.8
113,80,694.9
64,150,2954.65
16,40,1292.0
41,230,2713.65
64,55,631.5
122,425,4074.3
18,200,5239.2
60,35,468.3
323,70,980.75
23,935,13545.6
156,210,1805.55
39,155,2894.7
190,270,4368.7
360,55,989.75
137,25,437.0
8,295,10449.25
1,10,1800.0
268,25,712.5
165,110,1826.45
104,405,3090.45
155,5,318.75
351,105,1502.1000000000001
4,405,10004.3
120,5,75.0
23,285,6838.05
7,535,7283.95
9,385,5418.15
4,130,2992.85
22,390,7776.6
2,375,2893.3
37,440,29077.45
64,675,10700.35
1,100,3203.8
5,2500,53321.700000000004
70,550,7458.5
72,55,2836.8
17,125,997.4
3,105,3939.25
32,385,35364.0
82,60,3376.5
39,545,18087.850000000002
316,85,6542.4
32,95,3701.9999999999995
93,265,5704.65
14,105,1754.5
82,1340,17684.1
77,255,3975.6
154,120,2159.1
201,270,4300.6
45,670,53682.4
261,210,3879.25
173,110,1519.65
68,595,12718.6
277,110,1888.0
70,40,1706.8
64,70,1168.8
11,80,1236.6
16,215,4553.6
66,80,1869.7
8,135,1946.3999999999999
71,255,3717.65
122,160,3373.5
80,210,3841.2
257,450,3049.75
269,145,2195.15
59,120,2156.3
3,845,15427.45
18,300,4962.5
67,100,0.0
9,660,10956.1
50,5,280.8
257,145,3117.0
354,95,1318.75
366,220,3606.6
90,115,1893.2
61,790,16561.25
81,190,3864.5
99,265,5098.8
26,485,2862.8
21,865,18134.05
281,75,1114.95
31,775,20611.4
330,175,2672.85
121,180,3135.75
11,255,3989.8
75,65,2720.4
204,5,299.0
2,820,11564.0
185,105,1538.6
22,235,6626.45
73,195,7695.9
192,130,2286.7
127,195,3106.15
18,15,375.0
1,55,1262.45
74,135,2862.255
2,2505,137437.05
9,150,4944.55
107,90,1067.75
134,120,6952.5
44,95,3562.5
5,140,3204.15
12,1570,29227.2
64,80,1105.3
135,50,701.75
40,525,9244.9
51,640,13007.75
108,390,8121.05
1,795,17753.5
19,145,2913.0
10,370,1092.35
11,335,5034.0
19,270,3243.45
67,230,6345.5
74,50,2671.2000000000003
5,515,18972.45
2,60,984.4499999999999
14,835,17040.3
255,270,1418.55
92,65,1483.2
23,310,5521.150000000001
17,995,17328.350000000002
24,95,1459.4
27,355,10218.6
26,2220,14582.25
259,10,2950.0
166,85,1784.8999999999999
25,265,5036.75
18,325,8689.1
7,1970,47689.6
29,85,917.2
39,135,7225.0
183,50,716.25
58,205,3373.4
100,90,1489.75
11,495,5418.55
2,1530,28283.75
99,50,825.0
1,1300,12657.9
61,110,2087.7
236,320,1147.95
191,430,7158.900000000001
179,305,5463.85
38,405,7207.65
198,80,1455.0
46,560,8884.05
232,55,923.2
66,50,701.6999999999999
241,40,1569.0
233,115,2271.2
78,345,5612.05
58,170,2877.0
17,2135,44553.05
105,70,2247.6
52,430,6079.1
136,250,6349.2
275,40,3093.15
312,90,1581.3000000000002
8,260,9950.6
11,180,3089.65
283,100,1605.25
18,225,5734.8
23,335,5683.85
243,265,6552.35
17,90,1460.0
71,85,1084.25
64,110,1479.65
68,1135,21414.4
312,145,2264.1
3,810,12395.8
244,60,554.85
9,220,4898.6
1,585,8925.8
261,75,1256.05
127,50,1025.5
74,20,761.0000000000001
73,295,4455.6
21,220,6947.05
60,715,10545.35
86,190,3297.2
50,45,554.0
59,475,17438.75
1,2180,5468.25
30,25,629.0
33,885,18776.9
41,135,3400.9
15,30,3143.9
34,1120,11318.8
79,75,1538.8
205,110,2419.0
34,330,1051.55
183,380,1353.95
2,1710,28065.4
1,895,17241.45
43,125,6404.25
86,190,3029.2000000000003
40,435,1457.05
12,490,3134.95
96,620,3412.05
26,260,4580.6
319,20,459.0
66,605,17697.65
74,680,20746.4
28,170,2920.3
6,875,3025.3
7,165,871.85
216,70,709.3
82,410,8996.65
84,245,3887.65
144,425,3238.7
19,190,1201.1
41,880,4373.55
173,220,964.25
17,425,1868.75
243,135,1197.45
13,1705,10461.6
206,165,6921.25
50,130,1472.0
23,230,3660.35
10,650,33516.5
25,425,8291.5
15,115,2335.2
309,50,590.0
156,265,3905.15
307,120,712.0
32,55,1735.0
16,900,12225.6
15,105,1898.25
11,445,9880.6
65,290,5585.65
36,80,1239.8
108,645,9951.4
53,130,1984.8500000000001
6,830,3485.2
47,205,837.1
1,1320,25153.0
312,95,1097.6
45,495,3466.6
65,115,2144.4500000000003
26,135,821.6999999999999
29,215,1402.7
40,490,3390.05
12,1140,5577.15
89,380,5791.0
24,1005,8052.3
313,120,1999.95
40,220,2720.9
174,65,886.7
117,95,1069.25
31,430,3362.2
253,95,1286.15
59,470,8120.1
23,295,38961.8
5,400,9978.4
100,60,15108.85
25,735,10585.1
33,940,7875.8
68,310,5355.15
37,320,4708.1
52,505,4052.5
16,40,613.2
74,200,5166.7
216,330,1774.0
31,140,2597.2000000000003
9,740,12987.6
120,25,1260.5
10,400,8351.1
257,115,1733.0
17,490,9046.7
35,30,471.0
46,315,5475.400000000001
43,830,13536.65
114,280,4664.85
165,245,1898.25
11,80,1910.7
10,560,12107.35
197,540,7754.25
86,290,4395.4
179,65,947.3499999999999
60,60,423.25
149,435,1525.1
3,2505,31080.350000000002
51,45,1092.75
75,125,1748.5
301,80,-357.29999999999995
19,325,1984.6
151,125,2434.1
152,80,1163.0
1,1080,11011.550000000001
18,285,4139.150000000001
187,15,297.5
286,155,321.15
3,195,15597.2
183,40,360.0
63,30,4550.0
59,45,861.25
25,275,7334.35
325,20,-160.0
4,2925,313265.5
31,450,12520.65
39,60,756.5
155,70,1542.9
26,985,11325.6
318,5,497.5
5,675,11476.55
8,140,3559.3
303,100,1653.95
267,240,4032.05
271,255,1484.4
4,1730,31245.55
32,40,902.4
219,65,1260.3
247,50,1144.2
281,540,5269.7
269,105,691.4
32,515,7161.3
246,60,1532.75
15,300,5208.4
117,215,3999.5
36,140,2620.7
120,430,11845.800000000001
217,30,999.25
50,590,9049.05
39,210,5398.3
29,100,1667.4
37,315,5080.7
136,215,3763.0
219,190,3052.95
28,165,2459.3
25,1040,13830.9
5,970,3620.0
200,150,1698.0
18,15,1084.5
241,115,1753.75
72,175,3331.65
17,1615,15512.1
3,210,6700.75
95,360,5781.8
151,130,1457.7
374,5,398.0
96,140,4741.25
54,120,8236.300000000001
288,45,1481.25
124,380,5931.4
288,175,3706.2999999999997
152,60,1413.0
4,1715,10773.4
2,715,25725.600000000002
12,585,15952.75
33,125,3297.05
54,285,1433.95
50,350,5353.25
204,70,3.552713678800501e-15
63,85,8447.300000000001
71,1040,7608.8
2,1995,84728.55
2,715,13859.35
64,600,13158.5
34,885,5660.65
82,110,1725.0
1,1095,128741.75
103,45,893.5
7,285,1800.0500000000002
251,85,639.2
13,575,4560.0
10,155,12313.95
367,35,1152.0
76,155,1545.2
4,225,1744.0
43,85,5238.4
66,65,977.75
1,2195,181757.1
117,195,3444.2999999999997
310,165,2791.6
67,115,1624.0
138,330,19531.350000000002
255,85,1385.3500000000001
31,685,13178.95
52,65,4623.0
64,50,1281.9
367,35,563.0
6,380,8738.3
305,60,775.25
29,180,4497.55
184,70,2958.75
42,180,2695.0
40,355,6767.05
56,290,7810.6
22,885,20074.55
24,165,2775.2
29,120,1914.9
302,180,5701.75
145,295,1928.2
6,480,3160.0
19,200,4788.3
33,230,8494.7
158,60,873.25
58,465,2060.25
22,75,1047.45
359,5,-510.0
16,370,11014.949999999999
18,20,204.74999999999997
159,145,1924.0
25,275,4172.85
212,95,1356.2
6,870,3458.65
253,5,425.0
59,1030,16928.1
11,100,1808.1
65,45,1564.9
25,290,4238.05
92,25,6275.0
52,505,7689.75
88,470,7934.05
96,405,13257.3
9,120,5284.7
9,570,40125.1
169,85,1817.0
57,55,1080.85
326,140,1005.8000000000001
1,385,6200.0
18,710,10936.55
245,110,1497.8
58,150,2507.8
74,35,728.35
31,305,5076.45
7,165,15962.7
123,1535,15524.75
2,590,13756.25
23,1690,31949.0
120,120,1908.5
358,90,2702.25
54,520,8933.95
64,35,613.5
86,15,586.1999999999999
55,180,6407.650000000001
21,825,16098.85
4,900,84947.6
3,330,5656.4
1,775,12693.75
7,300,3906.5
189,140,2534.0
71,80,1217.8
204,95,1747.75
120,200,3028.15
93,75,2084.5
1,570,9304.300000000001
27,135,3164.85
298,105,4105.5
22,150,2679.8500000000004
21,595,12940.6
50,85,1555.8
326,60,779.65
16,95,1942.6
183,215,3704.75
72,745,14336.0
37,130,1663.2
80,630,11735.25
57,740,12904.55
4,170,3069.75
50,90,1360.2
50,150,6064.2
53,165,1750.8
352,35,861.25
54,100,1755.65
2,685,8410.4
36,225,3083.25
23,55,1119.25
75,105,1744.95
11,135,2322.85
169,50,4014.25
58,85,1686.7
86,295,6154.65
295,80,1537.0
109,115,3043.9500000000003
264,155,4610.5
171,135,1806.3999999999999
169,45,794.25
35,35,358.29999999999995
23,230,2783.75
17,245,4195.7
22,235,24562.05
79,55,2807.85
65,25,453.0
361,15,510.0
3,800,12136.6
11,180,3642.7999999999997
176,195,3372.25
211,690,16230.455
7,100,17578.4
2,150,1892.95
154,165,1614.8
5,760,5132.1
372,25,-512.25
79,460,2991.0
21,60,1151.1
22,55,847.75
308,175,3322.7
146,10,403.5
7,3165,44933.45
9,790,13511.1
71,75,951.25
287,55,1323.5
49,140,2067.95
31,1700,12516.15
207,50,1789.9
15,75,983.95
73,270,4349.35
60,55,1000.7
39,575,9305.55
30,560,12952.3
27,85,2440.15
4,1765,35122.65
17,65,1602.3
20,1195,20494.0
66,205,6330.4
213,80,1556.5
12,430,4253.15
30,25,384.0
32,625,17048.3
4,775,11565.7
15,435,6917.45
10,1060,19326.3
206,80,3168.55
46,200,10151.65
134,235,2648.65
43,855,22913.2
10,420,14373.6
116,150,4810.95
198,220,3429.65
278,55,1644.0
110,170,2365.1
77,195,2525.9
53,100,4586.7
154,810,21642.3
47,340,6994.8
17,195,3214.0
155,110,3159.5
225,140,2200.0
7,155,2920.35
122,80,1638.5
61,30,524.1
63,75,2338.3
18,1215,11800.45
7,1290,73173.2
2,760,14649.199999999999
22,460,2560.1
29,330,7140.1
285,190,3133.25
176,140,736.0
78,465,7772.400000000001
33,30,761.0
41,1205,17710.95
266,105,707.05
27,1045,3264.1
109,30,8298.75
284,70,774.9499999999999
9,170,6450.05
277,440,1875.65
17,2525,28195.75
32,270,3731.8
1,1075,77386.7
20,280,1126.8
124,20,1301.25
65,30,462.3
106,50,3628.2000000000003
1,5640,40622.0
24,1455,30737.0
267,40,918.0
5,1015,30676.9
10,555,52324.25
29,410,5941.6
267,35,762.75
64,260,1873.5
320,120,1329.25
4,1665,6537.05
21,70,697.6999999999999
5,215,4711.3
129,230,612.35
41,210,2497.1
102,325,5246.849999999999
125,60,1875.5
33,20,228.0
267,780,4523.35
365,145,911.25
4,905,5092.15
2,2255,22178.95
3,350,908.35
10,2950,252077.45
57,70,805.0
325,5,381.6
8,1085,20315.5
12,525,2214.25
4,25640,285604.55
37,105,736.75
16,1260,15464.85
138,130,974.5
74,175,29883.95
5,420,6573.65
155,105,1081.05
85,380,6301.65
52,620,13442.4
31,175,2970.8
23,70,401.0
4,785,28348.25
14,55,3443.0
23,865,13870.85
4,200,6889.6
274,75,1932.6499999999999
20,360,6913.7
144,15,450.0
354,5,-99.5
4,805,13701.5
84,25,2097.9
11,835,13702.15
8,80,3218.15
123,220,3548.55
61,230,3187.5
2,260,5619.3
319,335,2419.3
2,1005,17900.65
130,150,2951.7
2,670,23451.55
2,235,4911.900000000001
46,130,2079.1
4,335,4600.25
3,230,4395.150000000001
373,110,1559.05
134,35,579.0
47,60,15741.0
9,1225,14747.85
49,30,2342.0
234,15,786.0
213,200,1297.15
36,130,3293.2000000000003
75,250,3055.4500000000003
239,260,6728.099999999999
266,30,593.75
10,7100,566920.7
20,245,2002.15
40,205,2538.3
20,6060,23391.5
216,540,5552.6
174,125,1446.8
87,260,12229.55
71,145,8158.85
276,125,612.7
39,260,2874.2
98,290,1818.95
11,145,2254.2
33,130,672.3
51,820,15540.3
297,160,2870.0
85,215,2772.3
9,1635,8104.650000000001
41,825,3598.9
11,1240,23203.85
67,120,2264.45
331,15,988.25
9,355,10094.550000000001
2,1385,23021.55
2,1315,23300.05
68,210,4266.95
5,3020,56083.75
202,40,4813.5
107,30,1677.6
4,220,3317.5
218,10,926.9999999999999
60,195,3440.2
2,220,805.15
11,195,1093.9
239,105,1541.3
95,50,758.6999999999999
11,440,10335.65
91,515,9504.45
53,590,11041.5
90,45,5352.4
372,25,-5961.0
31,350,5001.15
12,545,8889.6
3,295,9196.5
2,535,9626.8
43,60,847.4
4,35,449.7
247,105,3162.0
42,970,17139.25
177,205,3415.85
92,305,4876.15
110,590,5250.6
29,365,11008.2
26,915,16578.55
52,215,7253.0
179,270,4110.3
32,590,10219.65
44,180,7237.55
22,795,3877.3
10,400,15469.3
81,75,2454.2999999999997
373,45,805.0
326,40,734.25
43,580,11617.5
30,210,4451.7
184,50,1068.5
235,80,1402.75
9,740,12679.4
176,560,8387.4
111,375,7370.3
278,100,683.85
318,40,1512.8999999999999
7,555,9520.25
2,390,14398.5
254,270,4675.3
51,535,15436.35
9,560,63250.4
142,25,600.0
51,260,5817.25
8,715,13091.15
155,95,1597.3500000000001
109,155,2650.9
151,330,6395.45
332,145,2463.25
226,50,561.6
74,165,2189.8
51,145,2799.85
88,375,5096.95
15,1140,19785.0
197,40,670.2
3,780,18646.7
31,170,2892.25
21,135,9550.050000000001
24,1425,22979.05
8,55,756.15
212,85,2069.25
9,235,4556.3
11,515,11537.25
2,1190,19366.5
8,540,24096.65
3,305,5232.8
40,35,773.5000000000001
18,320,6420.3
3,8200,254312.2
8,810,14276.75
19,15,216.0
108,80,3160.2
223,135,985.5
71,550,9018.8
51,175,10417.1
89,900,14978.6
8,615,11598.4
225,135,1148.55
47,435,8057.95
107,40,600.0
21,520,12284.9
65,120,2542.9
207,210,1715.5500000000002
11,615,7653.75
115,205,2871.3
235,45,834.25
163,60,1558.25
9,1345,24643.7
124,140,2313.3
23,130,4331.55
64,95,1757.25
17,815,12697.3
16,315,2341.3
17,450,8074.55
158,170,2771.1
235,90,1449.55
219,30,673.5
45,650,10831.9
21,120,3038.55
127,355,4449.650000000001
39,30,544.9
121,300,5107.900000000001
260,90,2047.85
10,155,667.5
271,105,1293.5
165,5,255.0
157,235,5394.8
215,30,453.0
6,45,818.0999999999999
366,55,872.0
60,190,3334.7
43,205,1128.8500000000001
19,290,4412.9
32,590,10641.15
22,205,806.0
109,345,18586.75
8,2665,45839.1
320,40,775.0
295,20,502.5
358,20,382.75
185,375,1288.4
191,55,3085.25
44,230,1740.5
52,280,1013.4
26,655,3130.35
38,295,6238.45
9,70,1010.55
297,35,712.0
33,700,8852.8
9,955,15860.2
9,310,4998.6
10,1455,22962.350000000002
218,25,339.75
2,1765,17359.55
65,365,2439.95
1,475,12783.4
141,130,2798.5
4,915,20199.9
130,130,7131.55
34,520,7173.599999999999
119,40,783.75
107,380,10555.4
11,535,13032.65
71,275,9541.25
16,1435,2881.5
311,70,5315.0
35,225,3806.65
362,115,613.5
92,490,7425.65
1,3060,29057.8
22,70,2451.1
4,620,9686.25
11,1030,5290.3
85,150,1929.35
57,135,4065.55
1,1110,21318.2
218,15,1326.0
18,5,1610.3999999999999
19,1320,19594.5
50,85,1816.7
7,740,6150.7
299,110,1988.8000000000002
10,1910,11277.55
22,60,6864.0
99,45,445.3
143,30,-217.00000000000003
306,45,659.5
320,160,13306.2
8,275,11788.4
1,295,7725.7
2,340,7723.1
54,490,7004.4
1,1465,5197.9
19,350,5816.15
9,100,1876.75
19,1290,4535.5
181,200,2416.25
60,545,3312.95
11,310,1322.2
190,110,599.65
5,4885,15238.15
311,20,568.2
155,185,9189.6
110,85,1916.7
148,900,10515.3
64,1230,9829.5
98,30,2648.1
247,650,5293.1
29,360,11362.0
18,450,2993.8
12,215,2305.95
104,1405,9684.2
74,35,1171.7
43,150,2688.55
72,235,3999.1
257,95,1078.5
20,55,6539.05
254,90,1581.25
11,65,1395.25
165,150,3182.55
18,720,10340.75
150,50,646.0
50,70,1609.6000000000001
39,235,828.75
27,725,5917.9
51,245,5237.15
207,150,2316.9
175,85,1704.6499999999999
7,615,11814.2
26,35,697.8
51,30,619.0
312,95,2694.05
301,155,2287.35
43,965,9786.6
26,970,4076.6
88,35,1784.25
64,60,951.5500000000001
20,3155,11755.1
3,820,17716.3
47,535,3366.3
17,4015,29093.5
17,1580,10060.85
24,490,6840.9
22,285,1382.1
11,355,6337.05
188,115,1376.3999999999999
101,90,2192.45
61,365,5276.75
18,505,10510.45
33,90,1652.25
64,80,871.85
2,20,1353.0
24,85,4872.7
108,60,1205.45
32,1015,9338.4
9,1490,21106.85
3,5055,38556.9
37,90,1821.1
60,1145,3100.2
26,1080,14629.55
236,320,4664.25
25,325,9063.1
3,2790,20376.75
59,1665,14205.45
260,95,859.0
58,50,1777.8
65,95,1941.25
16,160,2687.4
10,380,4981.3
59,555,7308.25
186,25,516.25
4,535,14580.85
24,570,10122.25
4,2085,12435.1
4,1835,19933.7
151,20,3264.0
311,280,1446.2
11,240,3828.1
18,50,931.15
152,290,825.35
19,565,4296.35
10,1080,11905.2
57,105,1620.7
64,160,0.0
7,380,10870.9
76,345,5403.8
4,2230,23546.100000000002
96,645,15368.85
111,20,7160.0
35,170,7622.3
1,60,1136.95
281,145,1090.3000000000002
3,1365,14018.45
180,1205,8018.6
372,5,177.00000000000003
13,615,4298.55
3,120,843.15
17,85,693.0
41,30,570.5500000000001
6,1650,5262.75
169,505,5146.3
50,145,785.25
227,135,670.8000000000001
19,1920,7991.2
372,15,198.75
15,985,7235.7
35,820,2852.3
22,760,3089.95
7,265,1899.15
20,510,8703.0
11,275,4415.75
44,250,1109.85
306,125,1966.65
11,35,1069.8
275,10,3299.9999999999995
1,13910,58569.25
16,570,56705.5
4,100,8925.75
72,20,3007.8
243,15,2030.4
9,85,2692.95
239,110,1897.55
204,150,1966.4
1,480,8828.8
185,105,1602.9
32,675,4346.75
57,65,1129.25
185,285,4242.4
9,630,13785.35
312,25,-109.25
91,120,3359.8
4,765,4696.05
51,205,5034.9
263,40,572.8
266,100,1724.5
36,140,3049.25
51,80,2218.0
52,875,14761.7
16,565,10210.75
22,35,552.3
59,10,480.6
170,170,3343.05
9,145,3902.3
157,150,2985.45
2,10425,1397445.1
201,150,1216.1
5,995,7086.45
67,510,3273.0
77,145,570.9
1,1185,9737.75
4,250,9650.75
169,400,1455.25
18,635,4191.35
5,145,1235.75
9,1295,12282.65
87,150,1428.7
27,20,539.75
29,840,3855.85
20,495,3189.45
61,585,6291.9
24,70,976.2499999999999
11,2880,46156.0
242,850,6349.95
280,660,2057.65
235,305,3827.75
3,370,8682.0
16,510,3023.75
31,220,12716.2
372,5,-12.75
25,1600,134661.7
71,35,2494.75
188,10,260.0
26,2105,6181.4
107,75,3141.9
8,1795,25536.9
209,65,564.0
44,270,1793.05
31,355,10571.65
137,345,2910.25
265,40,864.5
4,665,10354.85
218,110,943.05
2,1050,6253.8
214,40,545.6500000000001
32,575,11176.5
11,1750,12431.1
1,1740,16253.2
15,110,1590.85
11,2075,7734.55
199,5,895.0
3,145,5483.349999999999
15,985,24555.7
14,695,3030.65
10,1795,14191.0
29,125,4585.35
9,1705,13321.3
24,50,800.95
25,355,4336.9
43,275,1648.4
2,1190,7960.9
6,185,3319.05
147,145,939.6
10,1390,5791.5
25,260,3590.4
274,50,1342.8999999999999
374,355,1567.45
1,2505,10025.3
47,225,1900.1
8,745,13431.7
9,1080,47257.7
4,1025,29038.45
4,85,5822.75
39,280,6449.700000000001
2,305,19495.5
191,465,7116.05
12,295,7001.7
16,140,5442.65
113,350,5835.8
248,95,1471.5
29,460,6558.95
44,25,1948.1999999999998
87,150,2815.75
45,205,3190.25
10,1185,24826.9
15,190,3694.8
75,95,2102.5
145,355,7420.3
5,510,8129.85
294,35,269.0
59,55,1279.5
264,105,1502.6
44,35,1252.75
29,195,1270.55
8,685,12115.35
17,30,697.5000000000001
3,5470,53208.0
232,260,4382.1
112,45,696.3
58,300,5059.5
51,670,10977.9
4,15,-87.25
127,175,3654.3
281,205,1930.75
55,135,2238.4
320,30,1000.5
26,75,1449.95
10,15,387.0
7,150,3397.2
29,30,988.2
17,230,3725.3
64,20,0.0
4,75,1070.7
3,410,6360.55
166,30,657.25
1,5825,39197.55
53,60,868.7
51,65,788.5
48,1960,21181.7
61,295,965.7
162,220,4227.75
9,60,1766.35
15,235,2773.25
75,55,966.95
40,1280,10876.85
41,1275,10439.4
370,150,777.15
37,265,3892.5
197,20,1359.25
200,315,5551.7
74,240,3289.0
64,65,1360.3500000000001
21,145,2536.4500000000003
367,10,244.00000000000003
180,350,1607.15
10,145,5638.55
4,605,11134.550000000001
197,85,10698.800000000001
29,225,3223.25
53,200,985.65
18,350,8491.75
10,30,512.25
90,550,8206.0
268,20,314.25
53,690,16478.8
35,790,12284.0
64,650,15949.050000000001
149,65,1547.0
22,1960,39521.4
312,110,1390.75
23,140,2556.75
58,715,14183.45
9,50,2315.25
78,655,13749.45
119,100,3228.25
36,330,6556.9
60,305,5828.25
13,295,6760.2
9,60,843.1
52,30,628.95
26,240,4206.0
29,55,1333.8
7,20,261.0
11,515,70987.25
186,185,3506.65
3,735,14698.2
4,360,3609.75
262,65,1636.25
3,490,2611.9
210,140,2598.4
9,250,7243.6
13,620,7427.7
77,235,3530.9500000000003
20,85,1277.0
27,55,2948.5
19,270,3783.2
132,75,3826.6
253,90,1824.0
79,30,9310.0
207,100,1846.0
336,50,679.5
254,35,628.25
148,165,2771.9
10,365,6189.25
85,115,3278.75
8,2530,55101.3
205,215,2343.85
8,275,6831.9
23,595,6141.6
11,490,7074.95
21,120,1570.55
21,1820,13722.4
2,345,5127.2
154,90,2999.5
3,840,17394.25
74,45,1389.0
3,175,1949.3
1,29515,662863.1
17,140,4207.599999999999
36,435,6137.15
86,65,1294.15
71,395,6324.2
116,225,8050.75
213,285,4888.85
30,390,6580.35
51,220,3745.5
246,50,1550.25
32,55,1119.4
109,640,11864.3
5,210,4823.4
366,85,1817.65
73,440,9444.2
297,50,8923.55
9,1830,40587.1
57,175,8088.15
30,860,29214.75
14,15,504.5
72,70,1454.1
23,320,5332.85
9,100,1806.25
79,100,1558.45
46,745,39563.95
25,275,1449.1
12,425,1680.85
253,60,292.45
147,210,2498.4
59,305,3424.85
8,135,1106.35
11,1585,35032.9
271,25,633.5
10,990,7439.0
247,65,1031.05
96,415,2995.0
15,190,956.6
50,30,2319.0
30,185,737.95
68,170,7960.3
35,800,5582.85
128,90,573.85
107,160,6572.25
37,105,571.95
57,55,1399.7
57,365,3829.3
72,1080,9657.1
246,40,510.59999999999997
19,205,1066.35
198,435,1483.75
16,20,1632.0
212,200,1672.7
39,305,1166.15
46,135,2704.9
170,375,2149.35
48,385,2452.6
116,575,8208.800000000001
147,790,6231.6
16,5800,30902.45
51,720,2510.45
159,60,784.5500000000001
12,910,6308.9
36,100,1544.7
54,640,2115.2
43,175,1300.85
173,100,850.2
34,100,627.9
39,160,2281.3
267,350,1330.0
9,2395,9361.4
12,675,4525.2
3,2815,33815.8
10,775,8306.65
33,360,1885.05
80,305,2345.0
31,185,5259.75
8,240,3135.65
72,35,2591.4
4,555,3340.7
256,275,22320.5
5,2565,12855.1
16,2000,21388.3
90,135,1263.65
72,635,2327.75
43,665,3327.95
10,7540,98932.2
170,335,901.75
199,25,679.65
31,15,2685.0
19,2305,38146.9
152,65,3168.3
9,1035,25320.05
270,110,1718.1
65,490,1902.85
274,15,605.8500000000001
25,400,8635.85
23,715,6958.05
319,150,1078.9
5,355,3488.95
12,570,1510.5
275,125,7447.5
25,1380,10624.95
41,1195,6629.1
8,605,1515.45
4,2050,271143.7
71,285,4939.3
213,25,1854.0
38,790,15679.9
32,265,3802.95
78,410,8723.8
46,520,2766.8
179,350,5547.650000000001
373,5,531.0
94,130,4910.35
10,380,3062.15
105,210,3744.35
78,135,3865.15
173,245,4404.25
7,2255,48116.75
213,240,4468.3
22,175,2436.75
257,25,441.0
282,75,1534.7
21,300,5701.35
10,725,12104.2
308,115,1906.6000000000001
54,155,2384.8
215,130,2289.05
18,560,22050.7
104,245,6823.5
43,55,1096.95
4,125,1240.4
182,25,3247.5
84,115,2052.4
330,30,3175.5
9,45,1550.15
31,175,3516.8
167,355,5012.7
18,505,11494.65
18,510,7038.65
311,100,1238.3
142,305,6458.75
241,155,2318.75
24,200,4851.25
29,420,7837.400000000001
10,505,17197.05
30,985,13802.8
18,105,1700.55
18,225,6763.75
15,400,7750.650000000001
134,5,1224.0
246,70,1332.0
130,110,1719.1
50,140,2288.6
85,435,8060.65
7,530,10996.55
23,75,920.95
25,700,55585.25
66,80,2032.65
60,555,7097.7
50,420,17237.0
170,110,1650.5500000000002
18,260,4889.650000000001
128,145,4912.1
15,365,6939.95
233,50,635.75
3,345,6412.25
240,65,894.8000000000001
52,405,11750.0
46,130,2493.7
226,70,1297.25
8,1090,32650.2
4,335,5973.65
165,475,6568.3
219,145,3043.25
11,100,1506.45
134,115,2604.0
17,1720,26519.85
10,1390,23421.2
31,110,1646.25
74,460,1201.35
1,275,4807.45
4,665,9347.5
45,35,2007.0
2,3600,92868.4
357,20,790.8
18,145,1522.35
69,515,4215.25
373,135,2438.75
321,205,815.0
26,25,532.8
325,35,5172.5
9,550,8120.25
323,55,678.75
72,115,1120.7
260,15,202.5
18,475,10931.0
367,30,437.5
66,90,3401.3999999999996
154,145,3114.25
29,315,2033.8
70,105,1553.1000000000001
14,95,2057.05
2,465,23350.4
1,1160,79010.7
120,255,5221.6
61,95,2496.6
3,1630,37605.85
3,5,19305.0
9,180,3282.2
92,50,968.2
59,65,6343.5
79,485,4639.2
26,710,9139.0
357,45,1582.9
85,190,3244.15
10,45,2101.5
1,215,4338.1
225,100,1655.8999999999999
60,260,4472.05
239,35,444.74999999999994
319,125,1625.25
2,550,8307.2
45,215,3079.9500000000003
88,10,483.0
11,830,28784.45
176,45,1528.7500000000002
52,595,8794.6
366,55,570.5
319,25,2925.0
226,160,2274.5
358,80,1552.3999999999999
234,115,2047.0
311,40,772.05
37,290,6097.0
66,630,16884.8
239,115,2148.0
113,155,3060.3
277,70,985.0
218,715,11237.55
299,75,1605.25
2,495,7061.6
29,260,5282.7
10,260,3821.7
45,415,8427.85
67,555,8692.95
74,110,1583.4
65,170,3157.85
134,445,12579.199999999999
238,165,2570.75
122,30,1780.0
32,1790,33286.8
9,605,51635.55
36,220,3703.9
16,275,4576.5
127,90,1501.8
67,235,4454.25
149,30,492.25000000000006
281,40,1160.75
169,170,3115.8
100,390,8903.85
135,95,1274.1
324,50,894.75
107,60,782.55
64,115,1968.7
151,410,7530.6
338,30,596.5
22,55,8586.8
24,10,2044.0
16,240,11491.0
7,1375,12429.1
57,315,3609.7000000000003
4,235,3582.85
31,210,3045.95
66,260,676.55
47,60,1279.5
355,105,1387.05
172,80,565.6
59,750,11199.75
50,15,1202.75
22,105,2426.2
43,440,11532.6
29,295,4675.5
5,1060,39018.85
26,545,22982.55
201,125,904.7
44,1000,18051.55
10,205,3175.2000000000003
2,970,18870.5
67,60,18935.45
64,140,2482.2
51,1235,25140.6
290,155,2870.1
61,130,3401.5
64,290,5871.75
96,60,1026.5
271,105,1511.35
1,12455,297096.7
75,240,4605.5
110,5,260.0
199,120,1639.8500000000001
64,190,2757.7
327,5,825.0
4,165,1563.1
284,80,1022.5
44,180,1335.65
49,530,13253.65
64,245,3014.85
104,245,811.45
334,145,1558.55
53,50,1043.75
35,310,5027.5
32,65,3574.8
366,175,8305.3
208,80,5142.8
157,495,1758.35
54,180,869.85
66,440,2787.85
81,85,10102.6
116,130,1958.8
87,105,1822.5
1,160,2382.9
35,115,1838.45
333,85,1262.1000000000001
366,25,1008.0
72,45,790.2
158,360,2369.05
373,25,578.2500000000001
12,1165,9310.7
255,315,3885.1
29,70,1385.25
31,2595,13832.5
5,2805,41174.0
40,65,2139.65
362,35,2094.6
241,85,1590.25
96,145,4565.950000000001
26,755,6652.25
75,220,3012.55
57,480,9338.45
21,20,2234.7000000000003
144,5,-7962.45
41,475,11802.75
137,135,10037.0
8,685,11065.550000000001
129,15,840.0
40,585,6166.8
169,980,18159.45
9,185,8411.800000000001
214,40,2984.25
15,1530,29639.3
170,215,3178.8
40,60,1584.4
186,155,1970.7
270,50,702.7
172,5,2500.0
5,425,7578.65
16,60,1159.3000000000002
10,425,10917.7
326,35,537.25
113,70,1440.9
290,30,470.0
16,370,6698.150000000001
1,250,4078.85
92,65,3333.5
149,210,3133.85
189,40,1745.5
18,290,2133.05
34,765,5282.2
264,170,1335.9
84,610,17254.2
26,500,6731.9
171,50,952.65
10,195,3874.5
313,240,2864.05
65,965,19871.85
85,140,2544.0
25,40,679.3
59,265,4751.8
323,30,488.5
38,10,217.5
254,85,1916.7
19,1500,7149.5
33,1530,7415.7
15,30,468.90000000000003
27,415,1824.5
23,50,855.95
79,265,2089.35
8,295,4987.400000000001
22,145,746.45
12,1645,5612.65
262,225,1000.8
131,125,782.9
55,310,1918.4
249,10,2970.0
2,1925,16060.8
9,1095,7091.3
264,25,567.5
331,45,775.85
313,140,2473.2
26,310,4856.1
30,150,2149.2
30,290,2693.65
2,1430,6941.85
362,125,895.5
283,300,2236.1
262,290,1185.35
25,35,808.1999999999999
354,290,1083.8
94,55,1173.0
29,35,630.7
338,785,5244.25
20,520,34725.1
85,285,1672.6499999999999
9,265,2559.4
35,145,2192.3
43,135,2522.5
2,385,2347.4
113,380,1857.8
14,70,7326.0
77,145,2270.5499999999997
40,230,7207.1
116,225,4527.5
16,635,32843.6
161,440,1169.05
1,945,17815.55
30,430,12875.0
93,10,456.6
23,275,5450.15
95,775,15454.25
28,175,3297.2999999999997
33,1495,9836.25
21,625,6496.15
18,80,6298.5
1,2615,61982.3
8,340,5657.8
16,1260,27707.3
363,350,735.45
81,65,264.15
53,495,17485.7
23,820,4896.3
172,230,2461.8
189,460,5001.35
331,5,1250.0
12,800,4546.15
156,35,605.0
31,1570,72600.40000000001
12,1090,14815.949999999999
45,75,312.15000000000003
233,135,1335.1499999999999
64,1100,9559.45
2,90,1717.5
36,1000,12873.25
33,285,1994.2
84,50,2060.05
25,5,2200.0
2,900,4055.1
33,20,742.1999999999999
19,830,11744.1
254,130,1146.65
23,3370,19838.9
22,540,7511.75
8,1140,10037.2
25,1315,7585.4
19,430,3734.6
173,390,2299.5
163,120,554.6
7,205,2692.3
11,75,1066.5
114,145,425.65000000000003
288,140,639.3
9,1305,17712.55
54,405,1463.6
7,3510,24774.2
77,580,8278.8
4,305,2878.15
37,145,2180.3
217,85,450.6
60,280,2186.15
278,70,1086.0
12,4625,23791.0
24,155,1398.85
29,100,2368.25
12,155,3613.7
352,5,672.75
9,585,6598.45
50,40,865.8000000000001
19,35,930.0500000000001
3,265,3791.4500000000003
104,155,6878.55
7,1650,20549.85
12,285,3252.15
5,1075,12764.3
32,520,3037.25
178,840,3511.25
38,225,4703.35
151,195,1294.4
162,65,635.5
69,255,1743.0
121,755,17149.850000000002
25,220,3414.55
24,625,3613.05
177,155,2276.5
50,45,4568.4
253,150,2282.9
289,5,-150.95000000000002
47,120,1942.9
71,25,999.0
16,520,8837.65
101,420,6716.7
30,115,1578.6
35,80,1178.4
27,260,3808.7
11,2070,33726.8
8,270,5418.150000000001
79,10,242.4
52,85,1081.95
36,335,5991.150000000001
57,455,12113.2
337,65,523.8
28,300,5468.4
183,90,1350.15
52,30,562.3
10,225,7841.95
36,30,975.75
10,2145,51800.2
33,245,3735.1549999999997
11,15,1682.0000000000002
50,520,7622.0
4,90,5793.849999999999
3,1070,16122.65
141,95,1505.1499999999999
117,170,2940.65
100,340,7522.799999999999
75,245,3379.0
5,785,14328.2
45,305,5902.0
16,885,15736.55
17,75,1217.75
90,125,3623.8
53,75,1116.8
301,10,-470.0
134,125,2126.6
4,2475,62166.7
105,595,9436.0
179,180,3237.0
166,1190,4065.0
19,260,3060.05
158,180,2125.7000000000003
204,140,2999.5
336,10,4080.0
37,160,3231.5
91,105,1688.7
93,30,4387.2
9,105,4612.650000000001
233,185,2556.6
45,235,3742.5
23,5,150.0
190,280,4794.5
44,55,1532.25
25,470,7760.05
317,25,1549.0
106,45,690.7
51,95,1793.15
168,580,11210.05
40,65,1506.6000000000001
218,5,381.6
40,175,3388.4500000000003
297,60,865.25
19,405,13177.45
88,775,14405.1
73,675,8720.1
81,105,1618.45
9,1080,16620.45
49,165,3286.15
53,60,1763.5
24,550,3906.4
9,390,6668.4
18,335,4731.8
117,50,968.75
9,840,14907.5
120,45,1270.5
4,95,1198.8
252,10,684.0
28,60,955.1999999999999
1,395,32118.0
267,110,2049.9
33,885,13222.300000000001
18,90,1548.25
172,445,3320.15
2,1185,7710.7
265,25,1057.5
140,585,11468.1
201,30,715.5
60,295,5009.05
35,1070,4727.9
41,1485,16648.6
284,30,666.25
9,265,5361.8
143,100,1733.75
12,175,1654.4
146,590,5594.05
234,35,751.5
33,4690,25219.8
24,640,2993.65
12,455,2535.4
36,360,10906.050000000001
365,205,1015.5
201,60,1061.5
15,160,2076.25
17,1510,25894.8
49,20,-674.0
198,30,310.0
66,365,5541.9
212,70,1470.6000000000001
283,50,811.5
115,130,6697.250000000001
15,405,5606.05
19,880,23943.850000000002
66,40,2245.6
49,45,774.4000000000001
16,440,3922.3
78,15,173.99999999999997
9,325,5356.2
134,145,914.8
13,465,4870.2
40,105,746.55
235,75,107679.5
3,1475,12256.15
40,2060,13144.65
305,5,396.0
51,145,2278.35
1,745,11594.4
61,960,2664.8
66,225,3572.1
25,45,1026.25
218,35,1265.2
65,185,2918.75
32,315,5243.35
81,940,16227.35
64,55,1575.3
116,140,2909.15
7,735,259118.6
6,50,3178.4
69,125,1354.0
245,35,524.5
133,90,1208.1
241,110,5108.05
184,145,2376.4
25,105,1667.8
10,220,12969.7
11,70,1231.5
30,435,11518.75
44,1400,24171.0
26,1030,4740.25
358,125,1756.5
10,175,1104.25
44,380,8022.2
9,65,4744.8
150,210,3050.05
1,675,13333.050000000001
113,40,11037.0
76,490,4420.7
107,595,3495.4
46,345,5210.95
143,15,-2257.1
51,40,2079.1
1,1370,19242.75
23,1535,27260.850000000002
46,155,3922.9
50,240,4519.5
306,1050,18623.850000000002
36,215,1996.05
79,560,5727.150000000001
17,695,10856.6
107,205,9005.7
208,200,6519.55
3,370,9213.65
64,245,10503.0
49,615,9527.25
320,85,1034.8999999999999
44,310,2854.8
3,165,4427.35
337,85,-4203.8
172,100,2664.7
51,345,8246.800000000001
73,670,8207.4
99,255,3180.7
29,205,2738.5
58,345,3738.8
254,270,4183.95
70,1380,10424.5
44,250,4770.45
45,60,587.35
65,120,1959.9
11,845,166753.8
25,325,5103.7
59,140,1728.3
64,250,6045.5
304,40,594.75
46,55,653.6999999999999
18,700,18254.35
38,110,1946.35
19,485,1194.25
187,110,803.55
52,150,554.0
4,700,14873.25
137,400,3561.2
4,3265,80868.35
19,70,1485.0
16,955,7194.25
41,710,4886.05
12,2735,15001.8
8,735,4164.4
26,90,344.2
22,120,8848.900000000001
41,200,4475.65
101,225,1152.65
5,2315,18988.95
277,75,748.2
33,380,1770.45
15,640,1804.65
63,685,21653.350000000002
2,655,2203.9
369,530,1566.4
312,160,2191.2000000000003
199,120,2476.8
2,245,1982.4
93,90,1896.75
60,60,905.45
80,70,706.35
157,465,2234.35
227,310,2622.6
253,205,1317.75
150,55,895.8499999999999
194,120,1110.25
1,435,6923.4
369,20,281.25
24,255,1755.55
17,580,1819.4
10,375,25631.7
8,150,823.4
20,755,7608.95
4,1245,4837.25
174,35,959.6999999999999
1,1335,6160.9
178,95,1323.1
16,800,7456.2
248,60,615.5
191,200,1671.1499999999999
20,715,3199.45
154,300,837.5
173,125,1680.15
372,60,1818.0000000000002
373,105,635.4
194,60,1035.75
67,105,2133.15
4,595,12309.25
21,370,5537.3
239,60,2084.3
64,35,726.75
112,90,2022.9
90,385,30511.3
311,10,159.0
134,70,1687.1999999999998
277,30,1625.5
365,10,905.0
83,145,8541.2
8,300,4776.2
17,95,1823.6000000000001
2,515,8526.3
1,215,3347.85
34,455,4032.85
15,515,8172.65
24,925,21949.05
32,210,2144.4500000000003
74,35,521.75
20,140,2353.8
17,610,4228.2
23,420,2094.15
3,105,2914.5
304,55,1570.5
18,175,20999.25
236,30,498.8500000000001
39,885,17147.75
84,120,1855.05
165,490,2154.7
17,325,5273.65
77,245,5493.9
89,215,11994.3
25,485,17042.4
22,565,7375.1
3,1375,14084.85
123,190,5187.1
30,70,840.5999999999999
12,700,7256.400000000001
19,135,790.15
44,260,3960.55
4,15,209.95
9,2800,13784.1
55,175,2135.35
88,655,5223.9
37,2545,15420.85
3,45,61968.5
30,515,13676.85
12,1090,3076.95
211,40,507.0
48,1925,8509.7
24,165,2393.9
22,450,4963.55
246,430,2037.5
8,1060,16813.55
35,470,7076.45
4,755,166831.25
36,740,3265.65
4,920,3452.7
3,1185,7416.55
47,160,1059.4
39,140,2044.5
2,825,17251.2
17,230,4255.05
260,380,3141.4
46,505,3599.05
12,320,1256.2
30,140,2198.3
43,160,1180.45
92,85,4260.6
39,1370,254963.05
310,145,1656.2
92,500,2744.7
6,5760,43638.05
196,110,2188.5
87,275,3794.6
270,195,4275.1
8,140,2271.65
65,325,6567.75
31,30,15832.0
22,375,5736.85
38,195,3869.9500000000003
120,415,6703.5
86,45,1218.45
40,1560,5558.95
174,50,689.5
54,170,1810.3
33,420,7559.75
145,350,3919.5
221,40,674.0
45,340,3324.25
4,670,10701.1
66,900,7299.3
269,5,-149.75
10,320,5768.1
260,115,1676.6
365,370,1860.45
17,510,7609.349999999999
22,165,4260.75
45,105,1631.2
288,115,2921.6
292,10,471.75
3,655,10867.65
284,5,396.0
17,105,6760.0
82,55,883.0
56,1135,14034.5
101,155,6588.099999999999
299,190,2180.9
23,835,4907.55
59,200,5596.55
155,90,1575.3
99,265,3896.8
107,5,85.0
12,335,5209.15
264,60,1603.1
240,50,925.25
88,335,10028.15
50,195,3659.5
9,415,6229.8
42,285,9210.7
7,240,7148.2
62,145,1511.8
249,65,1684.8
66,30,541.9
18,155,16020.800000000001
85,245,4080.5
219,90,3059.3999999999996
45,1770,6687.4
143,80,978.6999999999999
183,150,806.9
171,40,678.7500000000001
10,1420,8339.85
206,175,2964.4
190,150,1161.05
8,80,2116.8
59,160,6470.7
57,1060,4335.55
73,190,3422.1
52,80,1538.9
316,80,935.75
367,65,1446.75
29,585,31438.850000000002
39,200,3281.25
18,445,9401.1
52,390,17532.7
4,1825,71528.3
22,190,3018.45
263,105,2587.75
60,185,3546.9
368,5,-39.75
19,155,3177.05
53,185,3518.85
88,150,3102.0
250,185,2676.7
3,590,12099.2
247,5,876.0
9,1185,18709.9
157,145,3670.65
134,110,1875.0
296,5,381.6
5,90,1402.6
39,680,9530.35
269,145,9145.2
50,445,9121.15
9,695,15123.1
16,95,3221.2
282,70,1741.0
64,110,5047.25
2,2510,26764.85
252,10,187.0
225,35,2208.0
17,175,4012.65
11,495,18853.0
8,425,9114.85
51,635,9402.1
59,15,366.0
95,345,5701.05
16,435,7032.85
126,115,5047.75
94,290,5187.95
50,75,1659.75
138,40,989.5
61,55,1079.15
100,880,51087.4
73,55,1527.7
72,140,33088.25
67,75,1693.55
64,230,5777.7
17,155,2647.05
23,1095,19959.7
32,1485,34206.200000000004
45,335,4909.3
16,55,1077.3999999999999
40,30,1075.4
3,755,24566.6
237,95,1572.25
75,75,2003.4050000000002
4,895,5403.1
3,575,9107.6
361,90,1826.35
59,180,2945.75
23,285,2028.55
31,490,3806.9
55,315,2685.3
25,95,1971.9
45,330,3321.3
89,230,11313.1
2,615,105431.5
81,120,2713.85
19,215,3405.9500000000003
79,30,795.0
171,220,5313.75
81,70,1211.75
267,185,4574.65
235,95,1296.95
30,450,15274.35
37,485,4324.3
318,685,4233.6
57,480,6476.5
45,670,5481.6
203,40,1275.6000000000001
219,35,1541.6000000000001
87,235,5053.0
190,175,2710.15
33,190,4916.15
71,125,2110.65
41,240,4292.05
78,100,2161.0
57,105,1864.5
8,710,18469.05
10,3310,13039.35
8,1475,17991.3
34,255,2045.5
212,455,7613.75
24,465,6761.8
170,80,572.8
62,35,764.7
53,345,9000.35
261,120,1947.2
366,105,-1475.45
32,620,18328.1
17,1370,13046.5
258,70,3663.15
177,10,234.75
45,675,26017.55
51,90,5177.25
17,620,3734.15
361,15,-158.25
9,1300,27115.75
74,305,4309.45
71,225,3338.25
353,270,5706.2
3,670,7116.45
117,125,2058.5
373,335,1789.75
197,165,2799.35
177,30,4053.0000000000005
23,125,2689.15
21,545,7483.400000000001
72,85,10310.300000000001
340,55,841.5
6,840,7657.55
31,545,4119.85
170,40,712.5
117,95,1404.5
9,600,11183.7
10,395,6642.75
213,115,1377.0
23,135,2991.0
108,60,1064.1
26,835,26529.15
139,110,1806.1
214,220,3011.35
38,20,12800.0
92,220,3433.35
18,185,3081.3
3,80,1370.75
331,70,1131.85
64,780,13777.8
120,345,6708.25
35,95,1640.75
218,15,2022.0000000000002
172,280,5192.3
72,80,1153.5
1,185,1633.75
196,5,1037.5000000000002
128,590,2143.4
44,100,2552.7000000000003
6,1600,15429.800000000001
14,1595,19221.1
18,205,1211.05
28,770,7916.0
8,225,133134.0
37,50,755.25
157,55,1074.0
284,100,549.75
107,765,2745.35
25,420,9796.9
75,75,1612.05
16,235,1852.3999999999999
158,10,505.50000000000006
44,190,2877.05
11,460,4438.25
32,1175,7347.25
291,45,267.5
21,300,5502.35
333,40,769.5
18,140,2472.2
4,470,33378.55
63,195,1979.0
198,160,1051.6000000000001
33,170,3294.4
1,550,10124.75
7,350,7301.85
5,3355,17058.45
10,530,4483.3
32,450,3260.35
53,25,546.8000000000001
12,265,3535.2
18,255,7702.099999999999
19,90,1636.5
37,650,4022.45
2,380,2487.15
18,590,7768.3
82,1140,6602.8
33,485,1839.65
66,555,2365.15
9,640,4887.6
267,25,3381.0
247,115,1814.75
4,545,10659.5
61,160,8902.95
75,510,3341.8
90,165,2922.5
60,295,2779.45
29,440,1586.0
323,20,471.8
53,175,6811.35
270,225,1105.95
2,1790,14705.25
50,500,7060.3
61,1050,7434.5
145,430,8155.75
19,365,2042.85
95,145,1519.65
1,990,20306.2
265,300,1498.0
302,75,805.25
70,115,2215.25
302,25,836.25
19,315,815.35
13,860,10634.65
36,1160,10144.4
19,225,1073.25
54,175,759.15
57,155,1311.0
22,35,631.25
44,270,1051.75
27,365,5134.95
45,510,3376.35
113,260,4797.4
17,1995,169028.45
25,90,1730.6
191,30,412.8
302,105,1513.5
2,1860,9541.25
263,45,1205.3
81,5,-14.75
106,10,1422.75
57,30,1504.25
213,415,3214.05
64,40,1437.0
28,85,921.3
29,545,7611.25
6,660,3991.75
8,1410,18203.35
67,120,1906.0
2,870,3083.95
46,430,3193.85
34,315,1152.55
1,20,14.499999999970896
136,180,1295.05
198,100,944.45
191,215,3373.45
150,55,1559.6000000000001
88,70,1334.8500000000001
45,15,-40.75
64,495,9205.9
99,555,10791.85
218,45,1041.8
3,1010,17413.7
28,675,4073.6
178,165,757.1
64,20,510.0
21,425,6918.5
20,1180,6573.4
34,740,8017.3
74,10,374.5
24,910,3252.15
52,855,3787.2
275,65,1119.75
165,95,1574.3
7,1840,9057.35
88,140,2721.5
64,730,12472.300000000001
25,85,1655.0
10,175,1504.15
76,265,3846.45
16,90,1103.1000000000001
192,95,696.75
174,130,1897.0
77,210,1818.25
33,155,2461.0
47,195,3657.5
73,310,6648.3
297,250,4132.65
3,485,3422.0499999999997
9,485,7811.1
50,680,14828.45
161,80,430.6
360,110,1595.5
5,55,2004.3000000000002
107,430,7107.150000000001
25,430,2421.9
32,20,3888.0
20,15,451.5
297,65,1818.5
372,65,1240.5
22,845,4751.3
5,175,4372.95
52,565,8135.650000000001
30,30,508.5
277,85,813.5
61,210,2404.6
25,65,1075.4
186,785,5183.1
2,1490,46478.35
2,1000,59477.85
172,75,1451.8
81,70,1140.3000000000002
4,85,1222.05
190,150,2276.25
22,385,6222.95
18,20,33744.0
19,905,5134.7
5,155,2968.75
107,280,2695.1
3,225,6944.05
54,25,598.1
165,15,1696.5
291,155,-479.65000000000026
10,4905,20773.2
109,1305,11331.25
96,160,4610.6
243,85,1898.65
163,430,28322.85
3,370,3207.75
35,85,1429.45
67,1035,16568.95
24,55,1409.25
1,2370,41285.2
21,290,4082.55
6,155,2555.6
54,95,5388.7
364,15,868.5
15,95,3070.05
194,175,4328.0
3,25,621.0
9,665,18114.75
3,530,6426.1
127,290,4998.5
74,230,3242.05
71,140,2257.2
365,5,-153.0
155,55,352.2
113,30,1568.1000000000001
374,70,1167.25
80,155,4540.15
249,40,2319.75
232,65,1125.75
71,165,2296.2
69,50,1067.5
4,1110,20366.4
51,135,1650.1499999999999
75,265,905.45
61,425,1800.8
16,60,1250.75
4,35,450.2
277,55,703.5
4,310,4067.6
41,155,1224.0
31,160,2473.65
75,170,2412.35
18,870,15193.35
15,1400,27254.8
219,30,378.3
186,55,604.95
33,330,5938.3
70,150,3092.9500000000003
183,130,2530.9500000000003
15,165,2502.1
236,25,759.25
31,485,13153.199999999999
254,80,1022.05
4,45,894.8
52,145,4067.4
246,25,647.2500000000001
81,240,4052.85
275,115,1665.4
1,920,21898.25
79,100,1614.0
30,595,10915.2
74,320,2088.65
17,765,14390.75
223,45,1089.5
32,360,5622.95
23,475,8382.35
25,260,5846.900000000001
106,60,1155.5
5,175,3399.15
246,135,2437.55
178,310,4168.9
170,70,1070.3
39,105,1354.3
72,120,2592.1
54,615,33271.3
16,380,5834.6
141,155,2974.85
18,1305,18972.6
22,400,42841.2
10,1040,4668.1
368,40,616.1999999999999
189,10,195.6
16,85,4052.2499999999995
362,45,677.0
19,160,594.9
68,265,2850.65
15,100,1533.6
24,805,6854.35
17,1310,20112.3
28,30,8461.35
2,585,40467.95
55,490,1598.05
34,460,7793.6
3,850,15069.15
366,15,648.75
43,50,918.5
73,220,8851.7
5,150,5140.0
4,1405,329460.4
61,310,1621.2
47,2940,15217.4
1,310,6304.3
76,80,1516.3
44,65,1043.15
256,15,6380.0
69,300,2410.05
135,50,3289.5
241,105,563.75
227,25,9990.0
9,1560,25200.0
9,770,25751.35
1,1420,69730.65
37,615,2656.75
46,135,3283.15
85,395,15149.35
19,2010,12415.2
3,110,8255.15
9,2235,18227.15
19,3160,34201.15
219,470,4557.65
78,95,1508.6
267,15,1599.000000000001
9,1180,16391.8
369,225,3118.75
15,1015,8869.6
26,135,776.1999999999999
262,185,1462.3500000000001
17,1140,23556.05
91,215,2945.75
302,760,3875.35
26,925,6910.1
364,230,1364.1
46,1345,5273.35
36,3340,35381.4
52,420,3513.95
32,140,3018.75
52,265,3252.55
79,640,11346.050000000001
53,5,2088.0
298,5,18.75
172,80,1562.75
47,20,0.0
29,965,10959.2
11,1210,6523.8
87,1790,35853.5
5,2260,33471.55
25,225,4134.8
18,345,7579.5
45,475,3119.65
31,125,8823.6
373,45,1037.5
58,170,1119.6000000000001
372,10,10012.0
114,880,7423.150000000001
215,65,1197.0
319,35,534.1500000000001
65,110,1846.7
8,215,3864.2
97,65,1583.1
20,445,7506.900000000001
185,120,2974.5
4,3590,13791.25
294,5,170.0
273,170,5728.0
31,1110,27903.0
48,290,2290.2
260,200,1901.95
58,730,3724.5
33,1275,11234.05
57,130,857.95
68,245,3274.6
10,790,8478.3
60,380,1941.4
80,250,1131.75
74,80,1229.7
2,1720,52270.25
100,300,2125.95
365,95,1473.25
10,985,11211.25
20,15,538.0
123,775,2987.4
8,25,404.0
4,475,7600.6
29,1610,8531.4
282,60,551.9
57,80,1219.2
1,1435,6007.55
365,330,2074.4
89,90,1528.1
11,820,6007.45
163,605,4339.15
65,120,1661.5
23,300,2684.95
174,490,2302.95
103,515,4007.45
143,335,5607.95
99,115,1442.1
23,750,4563.7
192,80,1378.2
5,140,2735.35
361,75,2396.75
8,2245,8464.9
14,1625,32503.0
103,140,2085.3
3,475,7234.75
11,955,16589.85
96,130,2488.05
227,190,1791.9
16,130,2303.2
39,140,3875.9
51,110,1708.5
93,40,642.5
157,55,986.1
39,115,1629.55
184,60,995.75
1,235,5532.65
228,120,2067.3
128,50,904.25
40,55,1259.35
31,830,15838.65
197,130,2914.5
9,1490,76788.9
37,585,8873.1
64,320,6302.2
43,1895,50919.1
50,55,1071.6
43,60,967.2
53,70,1407.1
187,40,622.85
334,95,1662.05
4,100,1712.25
10,45,724.5500000000001
24,95,1642.0
15,10,177.00000000000003
366,65,1729.45
106,360,2365.7
60,40,758.25
29,140,2406.75
141,55,1038.7
23,645,4028.1
22,695,13807.45
77,35,3400.1000000000004
5,1445,35331.55
64,615,10117.35
12,795,4268.6
25,30,0.0
31,890,7595.4
67,5,2160.0
67,195,3525.6
187,190,1383.65
38,130,2149.2
15,505,2357.55
35,185,974.4
195,675,7893.35
2,1015,4048.5
1,505,2484.2
367,225,729.65
65,345,1095.7
299,220,1065.15
26,815,2222.3
8,625,6407.8
12,410,938.4500000000004
116,220,8534.4
29,300,1866.2
4,3550,18771.35
5,1045,15427.4
82,465,2898.85
29,755,4908.25
64,95,1820.7
4,2735,7550.3
23,525,12643.35
290,40,567.2
36,190,1042.3
9,285,3108.4
24,715,2881.3
277,45,1957.6000000000001
50,650,5216.7
156,1635,12982.25
61,300,848.95
12,3480,33334.15
21,445,3697.5
371,70,1151.25
116,30,2715.25
80,1065,13907.5
4,385,6476.95
26,270,1902.75
5,4490,23021.1
53,265,809.7
1,245,2650.4
55,310,4754.65
26,285,1313.4
9,1210,9515.650000000001
52,1525,15249.4
13,1415,9470.55
212,165,4083.65
22,1245,21727.5
236,105,2032.4
139,95,2175.1
4,305,5806.349999999999
57,210,5892.8
123,435,6313.75
109,80,838.05
30,5,104.0
1,270,10425.4
185,130,2468.35
9,90,1461.7
239,80,2083.2000000000003
87,35,586.75
39,505,2535.25
116,70,1170.85
187,35,552.75
227,130,1005.9499999999999
8,155,10742.35
189,105,1595.1
4,155,2197.15
39,210,3252.05
3,210,1161.05
267,10,1257.6
78,195,1721.65
4,455,9045.25
255,435,5394.8
61,110,1920.3
13,745,9601.0
78,2090,21962.1
17,605,27308.1
30,15,9366.0
3,645,8125.25
5,35,630.6
7,60,5666.25
219,5,895.0
11,475,8009.3
372,5,-6.25
30,205,7137.3
288,60,3510.0
150,30,1435.1000000000001
23,115,2424.1
1,845,19947.85
73,250,7438.9
46,220,7064.7
5,220,3908.9
51,265,4387.15
17,60,927.3000000000001
30,75,1354.5
8,375,2827.9
29,1085,9212.8
3,1340,42870.549999999996
41,80,4600.5
11,1170,6363.05
31,35,355.0
45,15,479.25
61,45,1788.8500000000001
185,20,774.15
79,775,4242.95
111,10,3580.0
64,55,734.35
12,110,1901.75
86,140,5150.7
16,160,3672.85
246,160,1941.65
78,385,6266.1
30,110,562.0
138,75,2248.65
27,355,5328.85
3,490,5221.9
32,510,8675.9
9,50,4487.15
113,110,1697.2
157,110,3210.1
85,325,5504.5
115,240,4321.6
3,1610,27973.9
96,1580,16144.2
194,215,1235.7
28,460,2068.75
129,70,2481.9
28,420,6769.15
82,310,5899.45
30,2580,15475.2
266,25,1171.2
74,505,25580.65
314,355,2672.35
9,410,7107.95
59,310,4296.75
143,5,-561.75
12,1485,22656.7
28,770,13276.1
114,320,1560.7
9,740,11927.4
18,870,7230.45
18,400,4068.85
36,125,4205.4
36,140,1891.0
78,10,594.0
22,45,1427.5
25,320,1450.8
33,405,10019.25
109,260,7028.900000000001
35,810,14748.75
123,945,7775.25
7,480,10250.4
28,575,9955.050000000001
4,320,10209.25
3,990,19014.05
50,625,8888.9
318,75,1351.0
22,385,5441.0
9,260,4963.400000000001
2,1065,4689.6
18,325,4858.7
10,210,8108.650000000001
262,5,127.5
159,450,3328.9
33,2105,51902.15
29,605,4348.400000000001
165,60,816.5
47,150,1243.05
6,675,3736.1
8,215,4034.5
288,45,581.0
318,50,785.1
3,190,2968.05
233,90,1537.3
119,35,691.6
162,45,1726.5
185,160,1494.45
50,200,1296.75
152,1310,4959.25
335,70,785.45
5,670,12315.85
16,135,24461.2
107,120,2125.0
16,260,5698.65
276,120,1902.5
16,2435,52927.85
247,100,2326.6
239,75,2895.0
1,240,4922.85
106,175,3748.9
23,425,8398.2
52,45,624.4
195,80,7517.5
24,70,1068.9
75,115,1646.7
18,100,1258.5
8,75,1532.75
32,335,6334.85
22,510,7673.65
31,1145,17590.15
29,525,8536.05
22,25,1465.5
33,725,12332.0
284,50,793.4
39,70,947.4499999999999
50,300,4084.4
289,80,1124.55
75,80,1566.3
5,435,18778.25
218,20,299.5
44,320,7154.7
202,75,1530.65
178,400,3558.95
56,655,3901.9
57,115,1199.6
8,380,16434.55
47,10,720.0
227,50,1019.75
11,445,11377.9
106,305,1922.0
59,100,1248.7
28,1185,10475.65
36,175,8372.300000000001
274,145,1313.1
30,145,5065.05
24,480,3461.1
54,200,1713.1499999999999
36,760,17819.25
169,335,6764.55
54,65,1920.4
53,35,1021.2
27,1065,11498.35
253,20,1134.25
40,820,13705.4
60,520,4920.6
234,45,567.5
4,1370,9803.6
32,125,571.15
24,2360,15991.25
7,315,1675.65
65,140,1770.75
310,245,2133.95
309,105,1967.45
19,235,4696.6
16,1040,9530.45
96,235,1593.8
264,365,17333.35
12,2730,15639.1
3,180,2107.6
35,125,954.4
183,70,749.45
25,145,2750.3
13,525,4580.65
11,95,1573.45
3,2830,18723.25
313,80,1899.75
108,200,5675.2
1,2035,43142.75
53,155,4774.5
205,45,857.25
15,275,1410.95
120,345,1593.25
4,285,1922.6
363,195,1416.4
117,435,1769.3
18,90,891.3
5,560,1362.2
41,390,1492.05
107,80,1200.0
148,620,3016.85
52,60,6266.8
208,115,317.2
139,635,2814.5
2,400,1553.2
127,190,1588.1
108,30,3818.2
42,580,10722.65
35,135,559.9
228,345,5326.75
241,75,1230.2
58,45,939.15
130,470,8517.05
60,1470,8208.4
22,225,769.6
26,620,5320.55
9,710,7098.65
32,560,4680.8
4,510,2626.2
308,5,2754.0000000000005
8,675,9375.55
29,345,2784.75
17,255,658.9
101,150,2492.1
12,285,3345.55
21,330,988.15
15,405,5599.65
361,265,1250.2
11,345,43003.65
365,5,-763.2
95,60,413.75
78,275,6924.25
139,70,3221.5
18,140,11440.65
25,680,12573.8
1,2435,31022.3
46,55,12620.1
100,365,6003.1
8,535,3504.3
15,1020,4544.95
18,250,4951.15
280,30,483.99999999999994
14,165,2615.55
23,30,1819.5
124,5,876.0
86,140,2471.25
301,60,1533.0
151,2740,9721.6
17,3785,33060.9
94,45,1216.8000000000002
9,2120,59455.9
157,915,3906.8
355,85,968.2
46,160,802.85
15,435,2688.7
4,2515,13057.9
86,5,1144.8
15,1075,5797.6
179,45,553.75
8,360,6280.95
36,135,2935.75
129,40,8700.0
51,80,6965.3
312,95,891.0999999999999
24,225,1940.7
303,295,1829.25
11,75,639.3
17,660,2928.95
49,145,2441.0
239,175,1561.15
1,2070,22278.65
13,2340,24007.8
238,170,842.0
23,640,6747.6
73,165,2230.9
17,435,2119.45
41,1265,6713.400000000001
40,285,3234.6
219,140,2478.85
190,355,1862.5
71,120,1016.0
24,2095,19629.600000000002
11,415,2023.3
9,550,101362.15
65,10,327.0
4,255,996.45
19,75,1682.0
15,235,1305.55
8,140,13432.1
20,390,3920.55
78,75,6297.8
1,1120,156500.4
164,15,2544.0
307,310,2289.55
219,20,1019.3499999999999
39,135,36654.0
22,460,3482.05
115,190,3266.9
126,1065,10649.8
5,295,13169.25
36,165,1408.1000000000001
4,1005,151504.1
1,470,4836.1
330,580,9643.6
163,10,163.25
185,65,3859.25
16,320,6073.6
12,215,3744.7
3,330,6290.3
44,30,3890.0
80,70,2539.2
30,1355,34191.7
42,150,2317.3
11,1040,21004.85
50,150,2994.15
16,675,9265.65
45,140,3318.15
19,215,3795.85
4,1360,25111.3
72,10,504.0
1,1715,85392.25
121,210,2560.6
33,70,1328.8
313,215,2016.5
18,240,1828.8
88,270,1515.8
2,690,11667.1
2,45,1081.5
247,95,1891.5000000000002
148,40,885.5
29,700,11051.3
220,5,2671.2
148,675,14700.2
177,45,604.5
40,180,2707.65
145,5,-21438.15
2,1395,12524.3
8,1755,937410.85
1,535,8244.75
18,95,2433.6
192,305,2587.65
204,40,658.5
365,85,1249.3
127,95,8688.5
15,270,1582.5
43,555,3286.5
79,185,2263.15
23,555,3787.3
51,140,3314.7
16,1095,9406.8
158,45,1449.8
10,205,3816.4
10,25,685.0
16,450,9215.300000000001
45,390,5625.349999999999
191,905,3551.45
79,70,971.85
74,155,2532.55
4,415,6246.7
65,105,2070.2000000000003
261,120,1984.35
59,145,1883.2
1,430,9634.4
1,550,17709.6
248,60,1872.8500000000001
8,135,2487.8
359,50,1355.2500000000002
76,85,1361.1000000000001
290,200,3114.4
17,25,5690.0
221,90,1443.0
9,140,3445.5
3,190,2794.8
206,700,13726.4
162,260,5729.2
70,80,1471.45
262,440,3027.9
281,110,1936.55
58,1845,30503.7
25,100,1542.4
3,5380,440626.9
29,530,14600.2
72,30,2566.0
128,200,1043.25
31,435,3195.1
15,685,3840.4
309,55,769.7
17,415,9195.35
54,150,2734.05
24,230,3609.7999999999997
2,365,5353.55
11,165,3263.7
361,30,725.0
360,45,2113.5
1,115,3533.5
54,245,4444.3
1,1300,17700.5
1,1970,11925.0
121,75,1467.25
54,45,1116.8
280,65,822.0
177,15,382.5
30,375,4488.1
26,45,492.1
9,130,2852.0
270,125,853.75
43,725,3229.8
372,10,-59.0
218,85,-707.4
24,30,744.3000000000001
197,210,1335.8
359,215,1534.2
43,255,4549.8
130,10,7438.0
1,440,9762.25
20,530,2416.3
206,30,789.5
14,170,2707.3
95,135,4274.75
19,230,838.1
14,320,5536.900000000001
24,245,2270.05
8,760,4506.05
7,885,20062.8
332,145,1720.7
50,1495,7492.55
71,60,1133.75
29,130,1814.5
243,40,928.25
8,2085,17288.9
191,30,623.6999999999999
5,260,2201.0
253,225,1078.6000000000001
1,2260,53680.55
236,145,876.35
7,180,6136.5
109,1070,5665.35
100,115,6201.0
60,1265,12020.85
2,1005,7396.1
73,835,11075.1
4,1075,19557.8
85,250,4965.9
12,415,1943.95
23,1350,14139.65
214,275,10221.85
18,65,808.35
239,45,580.05
2,2825,25253.85
50,75,-5826.5
217,315,1546.8
33,295,967.1
41,1190,5519.6
4,2910,19739.35
53,710,9963.8
23,1595,22546.850000000002
57,500,1950.35
130,70,1648.0
174,15,2855.9999999999995
6,390,4857.9
312,385,1092.6
60,20,407.2
21,135,6680.5
33,165,2635.25
15,250,4217.4
18,1575,10235.0
81,25,378.75000000000006
6,620,8920.6
170,130,2518.0
2,195,2641.65
31,360,6211.7
36,1485,11809.85
9,120,1329.65
31,175,2735.3
276,35,542.5
87,25,3108.2999999999997
120,200,3561.45
373,40,507.75
1,845,13844.9
219,270,4978.3
65,35,665.3
61,460,8947.75
135,265,4308.7
21,40,830.4
12,1195,19433.35
25,1350,23685.65
29,250,5879.4
277,110,587.75
11,465,12858.7
73,410,8373.45
11,115,2429.4
4,805,14773.75
141,225,980.0
26,450,8941.35
19,215,3023.2000000000003
4,90,3640.8
66,585,10277.55
1,75,1738.75
43,340,17033.6
228,55,1028.5
16,305,6420.4
44,575,15533.1
1,1140,8111.1
74,135,2755.2000000000003
1,3605,100490.5
4,395,6916.35
2,1605,81096.1
264,80,1490.55
53,150,9960.55
24,55,922.0
10,595,12296.65
44,75,1197.05
17,650,15957.65
7,1430,28697.3
30,1290,23742.25
358,95,1452.0
127,235,3667.2
136,90,935.1
142,75,1415.6000000000001
132,175,3826.7000000000003
38,630,11005.25
236,95,1694.75
261,40,774.75
17,730,12544.45
253,120,2089.75
30,400,8598.6
35,275,3993.7
169,155,4425.95
3,540,8905.6
4,1975,50486.85
185,25,762.0
188,175,1335.4
170,35,687.25
11,115,1925.5
45,145,2614.55
321,50,765.0
201,5,1632.0
23,1270,27528.95
232,30,696.75
38,1390,26839.0
26,250,5979.7
96,600,11903.2
127,50,16382.000000000002
58,225,4978.25
16,990,16855.65
9,335,5212.75
4,845,12578.4
3,1100,26444.15
79,415,4391.0
373,90,1519.8500000000001
39,175,3460.9500000000003
54,215,3503.15
2,3450,65550.1
9,130,1687.45
9,50,841.2
19,495,9316.75
12,240,13930.25
113,75,1775.55
4,685,11455.4
235,40,494.0
100,10,323.25
178,175,3372.6
5,965,8987.85
359,5,403.2
1,465,8699.6
1,3710,27927.45
19,2060,17283.5
17,475,4174.95
22,125,1437.95
33,95,3563.8999999999996
263,5,75.0
51,375,4094.1
159,285,1859.4
15,105,1356.0
8,525,11365.9
13,1565,19803.15
199,190,5716.35
57,270,1229.05
11,265,913.85
97,785,6077.3
255,15,282.0
25,970,3329.3
21,420,3210.85
159,60,940.1
72,335,1417.3500000000001
53,65,659.7
85,360,1393.7
153,670,9325.95
74,25,5589.5
281,70,1129.5
27,950,9827.75
30,50,530.5
25,290,1615.2
180,230,1751.95
40,410,3489.5
22,555,3902.15
22,2050,15130.4
37,520,5995.05
82,735,6259.2
74,50,2561.55
11,215,2730.2
16,320,23138.1
4,4360,38388.55
13,705,3660.8
14,1890,8573.0
37,85,182.79999999999998
4,165,1938.4
72,245,18305.35
191,25,-120.25
51,65,1492.0
5,1100,9977.3
9,410,7999.849999999999
299,150,4446.2
2,115,1993.5
33,10,177.00000000000003
50,305,776.85
3,305,1753.2
47,120,551.05
42,860,7802.65
27,685,11563.5
42,280,1694.0
2,39915,201703.9
303,185,1027.4
107,25,257.8
85,5,10165.5
81,255,4506.0
218,130,3029.0
302,1560,26443.15
12,120,571.7
185,75,1556.3
373,85,1044.8500000000001
2,85,6968.950000000001
3,280,133816.7
6,995,25778.3
305,125,741.0500000000001
369,290,1264.0
3,1115,10296.0
324,55,1654.5
59,740,15800.0
13,510,2987.5
31,1945,50792.700000000004
143,50,1628.5
30,405,3113.75
107,200,2140.9
2,1400,9447.0
205,50,779.5
80,230,8821.800000000001
185,235,3291.3
170,60,1188.05
44,130,1897.25
174,30,892.5999999999999
365,130,2294.6
304,40,666.75
3,725,3358.85
4,585,3587.25
12,320,950.95
32,545,4498.05
129,50,556.75
19,405,2628.9
212,105,1019.35
323,470,3010.45
162,170,1019.3
56,140,1220.5
225,80,561.25
72,965,5599.05
44,80,490.0
23,10,1281.6
173,575,2705.5
85,140,760.3
159,160,779.0
165,55,75.0
29,95,551.9
21,195,894.6
71,170,4001.2
247,60,364.5
374,290,1216.4
9,195,1831.15
310,200,1478.05
59,295,2058.0
4,400,1682.15
45,470,1706.3999999999999
88,115,6520.2
4,3480,21020.5
64,725,4132.6
282,5,1037.5000000000002
1,190,14471.65
373,5,1220.4
133,105,1986.45
45,115,1062.7
11,30,4172.5
36,195,8702.4
134,325,2041.8000000000002
29,450,6657.85
52,105,3521.25
138,145,728.95
5,385,1949.2
9,215,21506.1
160,60,495.70000000000005
49,115,9917.900000000001
131,10,1522.8
8,10,387.50000000000006
233,100,747.9
37,45,883.4
147,5,1792.8000000000002
1,395,263754.2
72,360,2360.6
40,105,4954.200000000001
5,2445,11476.85
199,95,2786.5
249,5,63.75
66,155,558.4
117,35,2542.2999999999997
171,130,368.90000000000003
21,1245,6482.2
142,175,514.15
32,520,2358.5
38,1645,13112.85
38,340,5492.15
372,240,615.35
374,425,1386.75
166,70,1141.0
211,155,2912.95
242,155,680.2
52,75,1685.2
25,895,3703.9500000000003
15,1485,21968.05
372,325,1765.95
29,105,1440.7
365,60,1504.6
36,735,3689.0499999999997
166,150,4057.25
145,240,763.4
22,115,3174.75
56,5,104.0
185,65,992.8499999999999
12,195,955.85
237,145,3154.2000000000003
225,25,466.75
122,420,3148.45
282,10,380.5
74,900,7556.5
37,465,1910.3
12,290,2086.15
362,200,847.35
4,300,1248.6000000000001
23,110,2223.4
70,150,10580.949999999999
235,165,1261.2
257,70,874.0
373,140,513.95
155,155,936.45
28,160,832.1
4,230,600.15
32,615,7417.8
81,15,2615.0
108,145,610.6999999999999
52,25,192.25
36,955,3340.55
153,110,1183.9
99,105,576.55
4,50,1103.5
334,25,367.5
65,170,489.85
22,560,2114.4
36,265,3652.0
32,480,2028.1
154,95,350.09999999999997
19,95,1786.0
12,2370,20805.7
54,35,825.2499999999999
25,605,2797.55
4,640,10428.25
45,235,947.0
203,35,861.45
359,25,372.0
66,105,1485.35
7,1815,33760.7
288,95,1818.25
10,15,850.8
9,105,1483.55
22,230,10597.050000000001
173,135,3602.6
133,35,4070.0
6,690,11900.4
75,50,1590.0
40,185,1981.6499999999999
289,5,508.49999999999994
26,2360,10109.1
258,125,2265.0
155,180,-5.329070518200751e-15
114,380,19322.2
374,65,2448.0
23,765,12693.6
8,1135,13165.05
217,145,1680.65
45,635,18259.85
19,10,6157.499999999999
36,85,1717.25
26,365,3516.85
16,10,437.6499999999999
330,145,3449.75
274,35,506.7
98,35,18850.6
61,195,838.35
2,450,45328.8
93,190,10417.1
82,350,15086.5
313,105,2900.25
12,1065,4555.75
8,545,13464.25
127,95,841.55
11,205,1118.25
1,2165,1282192.45
37,190,3773.2
38,90,567.4000000000001
330,195,2153.5
249,95,1323.25
2,2270,39626.6
19,245,1030.25
12,130,1763.45
369,5,381.6
290,140,1100.5
68,1890,7090.15
26,370,1603.6
11,6420,27978.85
368,150,905.5999999999999
214,85,555.75
149,160,3365.5
8,1820,9131.05
24,180,2947.2
30,985,5706.7
61,280,1034.15
19,235,1743.65
243,70,562.75
9,355,5228.7
211,10,3577.4999999999995
29,100,3409.55
63,195,3809.15
295,40,763.25
17,810,41966.1
361,5,-177.00000000000003
151,90,5074.5
117,305,5000.8
8,215,14443.75
13,1105,14307.75
141,50,801.7500000000001
46,35,896.6999999999999
51,80,3060.4
32,185,2832.9
135,190,3266.75
3,105,1995.9499999999998
75,140,1739.1
13,700,3674.7000000000003
9,175,2258.75
301,115,2650.75
57,195,3190.3
10,405,8063.95
31,125,1973.5
177,50,1512.3
4,215,6777.55
176,700,5668.2
61,45,1013.25
33,190,4901.55
59,280,6042.55
15,985,37450.85
87,155,10534.2
7,5,520.0
354,165,2243.25
31,375,6570.85
114,495,7867.05
9,450,8965.85
5,595,9218.75
24,220,1914.0
218,220,3002.6
15,5,249.0
249,85,1521.25
15,360,9992.45
78,345,5421.7
192,80,1372.55
262,35,1039.0
72,225,4789.85
151,90,1064.8
64,45,4480.0
95,705,3445.65
4,830,25415.3
106,160,819.0
200,340,6984.95
157,95,802.1
71,1010,9896.5
36,160,2586.8
29,40,695.5
2,670,13106.9
26,210,3000.35
326,215,1242.1
237,75,1162.4
89,65,1496.7
31,130,2408.75
29,155,3108.75
206,120,3131.9
3,575,10098.85
220,20,1488.9
22,325,5166.55
93,95,2215.0
2,1495,31576.15
264,50,794.75
3,1430,26805.1
39,1225,25960.5
218,25,468.75
50,160,3846.0
12,820,36384.5
9,445,13583.0
192,630,10330.85
82,200,2912.35
326,5,2200.0
72,520,8982.4
30,245,4411.2
3,305,4935.5
219,440,7808.05
46,30,2112.9
10,525,10290.45
72,390,11162.45
7,885,12537.800000000001
24,20,2980.5
114,245,3915.1
17,40,476.7
301,110,1714.6000000000001
87,80,21573.6
51,490,2633.35
89,30,516.5
355,20,-250.5
39,615,11326.9
25,210,11693.0
173,700,12975.0
43,105,1621.2
140,65,747.4
23,310,6055.4
72,230,4007.55
134,10,0.0
358,40,694.5
38,65,1194.75
3,850,15323.9
2,15,1020.0
18,110,1.7763568394002505e-15
21,80,1616.8
58,45,488.15000000000003
74,45,869.5
278,50,903.0
181,35,404.09999999999997
8,65,883.0
4,3780,10474.4
43,350,9186.4
